{"BGMVolume":0.8724932074546814,"SEVolume":0.7714417576789856}