{"BGMVolume":0.48566481471061709,"SEVolume":0.7714417576789856}